{"cameraMode":{"drawMode":0,"name":"Shaded","section":"Shading Mode"},"sceneLighting":false,"audioPlay":false,"sceneViewState":{"m_AlwaysRefresh":false,"showFog":true,"showSkybox":true,"showFlares":true,"showImageEffects":true,"showParticleSystems":true,"showVisualEffectGraphs":true,"m_FxEnabled":true},"in2DMode":false,"pivot":{"x":-48.376502990722659,"y":-131.29522705078126,"z":152.2132568359375},"rotation":{"x":-0.34081268310546877,"y":0.15624012053012849,"z":-0.057105373591184619,"w":-0.9253835678100586},"size":118.4103775024414,"orthographic":false}